{
  "__version__": "1.0.0",
  "camera-infos": {
    "7c3e7fab-7b1e-4865-ba84-3cf81b48b9fb": {
      "position": {
        "x": 14.327768851663443,
        "y": 14.254856283074597,
        "z": 15.931504004206541
      },
      "rotation": {
        "x": -0.2802912100568278,
        "y": 0.33847641696199243,
        "z": 0.10636586648325685,
        "w": 0.8919399392182843
      },
      "viewCenter": {
        "x": 3.1994434764625463,
        "y": 2.5572850108239304,
        "z": 3.380545557500797
      }
    }
  },
  "camera-uuids": [
    "7c3e7fab-7b1e-4865-ba84-3cf81b48b9fb"
  ]
}
