{
  "__version__": "1.0.0",
  "camera-infos": {
    "7c3e7fab-7b1e-4865-ba84-3cf81b48b9fb": {
      "position": {
        "x": 11,
        "y": 10,
        "z": 19
      },
      "rotation": {
        "x": -0.17643089399828707,
        "y": 0.2461873677424124,
        "z": 0.04562813161158715,
        "w": 0.9519359186482371
      },
      "viewCenter": {
        "x": 3.1994434764625463,
        "y": 2.5572850108239304,
        "z": 3.380545557500797
      }
    }
  },
  "camera-uuids": [
    "7c3e7fab-7b1e-4865-ba84-3cf81b48b9fb"
  ]
}
